{
  "performance_summaries": [
    {
      "operation": "answer_query",
      "total_calls": 1,
      "avg_duration_ms": 4153.214999998454,
      "min_duration_ms": 4153.214999998454,
      "max_duration_ms": 4153.214999998454,
      "p95_duration_ms": 4153.214999998454,
      "p99_duration_ms": 4153.214999998454,
      "success_rate": 1.0,
      "error_count": 0,
      "last_called": "2025-10-13 02:15:04.763722",
      "performance_level": "PerformanceLevel.SLOW",
      "trend": "insufficient_data"
    },
    {
      "operation": "ollama_generate",
      "total_calls": 1,
      "avg_duration_ms": 2061.0815999971237,
      "min_duration_ms": 2061.0815999971237,
      "max_duration_ms": 2061.0815999971237,
      "p95_duration_ms": 2061.0815999971237,
      "p99_duration_ms": 2061.0815999971237,
      "success_rate": 0.0,
      "error_count": 1,
      "last_called": "2025-10-13 02:15:04.763507",
      "performance_level": "PerformanceLevel.SLOW",
      "trend": "insufficient_data"
    },
    {
      "operation": "fetch_and_save",
      "total_calls": 1,
      "avg_duration_ms": 1945.0348000100348,
      "min_duration_ms": 1945.0348000100348,
      "max_duration_ms": 1945.0348000100348,
      "p95_duration_ms": 1945.0348000100348,
      "p99_duration_ms": 1945.0348000100348,
      "success_rate": 1.0,
      "error_count": 0,
      "last_called": "2025-10-13 02:13:55.928409",
      "performance_level": "PerformanceLevel.ACCEPTABLE",
      "trend": "insufficient_data"
    },
    {
      "operation": "retrieve",
      "total_calls": 1,
      "avg_duration_ms": 58.728700008941814,
      "min_duration_ms": 58.728700008941814,
      "max_duration_ms": 58.728700008941814,
      "p95_duration_ms": 58.728700008941814,
      "p99_duration_ms": 58.728700008941814,
      "success_rate": 1.0,
      "error_count": 0,
      "last_called": "2025-10-13 02:15:00.610451",
      "performance_level": "PerformanceLevel.EXCELLENT",
      "trend": "insufficient_data"
    },
    {
      "operation": "build_embeddings",
      "total_calls": 1,
      "avg_duration_ms": 36.81530000176281,
      "min_duration_ms": 36.81530000176281,
      "max_duration_ms": 36.81530000176281,
      "p95_duration_ms": 36.81530000176281,
      "p99_duration_ms": 36.81530000176281,
      "success_rate": 1.0,
      "error_count": 0,
      "last_called": "2025-10-13 02:13:55.966440",
      "performance_level": "PerformanceLevel.EXCELLENT",
      "trend": "insufficient_data"
    }
  ],
  "system_metrics": [],
  "export_timestamp": "2025-10-13T02:21:58.543694"
}