{
  "performance_summaries": [
    {
      "operation": "very_slow_operation",
      "total_calls": 1,
      "avg_duration_ms": 3000.7336999988183,
      "min_duration_ms": 3000.7336999988183,
      "max_duration_ms": 3000.7336999988183,
      "p95_duration_ms": 3000.7336999988183,
      "p99_duration_ms": 3000.7336999988183,
      "success_rate": 1.0,
      "error_count": 0,
      "last_called": "2025-10-13 02:07:26.854055",
      "performance_level": "PerformanceLevel.SLOW",
      "trend": "insufficient_data"
    },
    {
      "operation": "slow_operation",
      "total_calls": 1,
      "avg_duration_ms": 1500.5700000037905,
      "min_duration_ms": 1500.5700000037905,
      "max_duration_ms": 1500.5700000037905,
      "p95_duration_ms": 1500.5700000037905,
      "p99_duration_ms": 1500.5700000037905,
      "success_rate": 1.0,
      "error_count": 0,
      "last_called": "2025-10-13 02:06:55.059461",
      "performance_level": "PerformanceLevel.ACCEPTABLE",
      "trend": "insufficient_data"
    },
    {
      "operation": "atexit_test_2",
      "total_calls": 1,
      "avg_duration_ms": 220.4786999936914,
      "min_duration_ms": 220.4786999936914,
      "max_duration_ms": 220.4786999936914,
      "p95_duration_ms": 220.4786999936914,
      "p99_duration_ms": 220.4786999936914,
      "success_rate": 1.0,
      "error_count": 0,
      "last_called": "2025-10-13 02:04:53.056842",
      "performance_level": "PerformanceLevel.GOOD",
      "trend": "insufficient_data"
    },
    {
      "operation": "atexit_test_1",
      "total_calls": 1,
      "avg_duration_ms": 120.60919999203179,
      "min_duration_ms": 120.60919999203179,
      "max_duration_ms": 120.60919999203179,
      "p95_duration_ms": 120.60919999203179,
      "p99_duration_ms": 120.60919999203179,
      "success_rate": 1.0,
      "error_count": 0,
      "last_called": "2025-10-13 02:04:42.427999",
      "performance_level": "PerformanceLevel.GOOD",
      "trend": "insufficient_data"
    },
    {
      "operation": "test",
      "total_calls": 1,
      "avg_duration_ms": 100,
      "min_duration_ms": 100,
      "max_duration_ms": 100,
      "p95_duration_ms": 100,
      "p99_duration_ms": 100,
      "success_rate": 1.0,
      "error_count": 0,
      "last_called": "2025-10-13 01:56:37.621860",
      "performance_level": "PerformanceLevel.GOOD",
      "trend": "insufficient_data"
    }
  ],
  "system_metrics": [],
  "export_timestamp": "2025-10-13T02:08:24.694480"
}