{
  "build_embeddings": [
    {
      "duration_ms": 17.276500002481043,
      "timestamp": 1760383972.2357416,
      "success": true,
      "context": {
        "function_name": "build_embeddings",
        "module": "core.embedder",
        "args_count": 1,
        "kwargs_count": 0,
        "memory_delta_mb": 0.10546875,
        "cpu_user_delta": 0.015625,
        "cpu_system_delta": 0.0
      }
    },
    {
      "duration_ms": 0.11630001245066524,
      "timestamp": 1760383972.3712177,
      "success": false,
      "context": {
        "function_name": "build_embeddings",
        "module": "core.embedder",
        "args_count": 1,
        "kwargs_count": 0,
        "memory_delta_mb": 0.0,
        "cpu_user_delta": 0.0,
        "cpu_system_delta": 0.0,
        "error_type": "FileNotFoundError",
        "error_message": "Documentation file not found: data\\docs\\nonexistent-framework.md"
      }
    },
    {
      "duration_ms": 18.993100005900487,
      "timestamp": 1760383974.293131,
      "success": true,
      "context": {
        "function_name": "build_embeddings",
        "module": "core.embedder",
        "args_count": 1,
        "kwargs_count": 0,
        "memory_delta_mb": 0.00390625,
        "cpu_user_delta": 0.0,
        "cpu_system_delta": 0.0
      }
    },
    {
      "duration_ms": 12.78779999120161,
      "timestamp": 1760383974.347918,
      "success": true,
      "context": {
        "function_name": "build_embeddings",
        "module": "core.embedder",
        "args_count": 1,
        "kwargs_count": 0,
        "memory_delta_mb": 0.0,
        "cpu_user_delta": 0.0,
        "cpu_system_delta": 0.0
      }
    },
    {
      "duration_ms": 21.472399996127933,
      "timestamp": 1760384016.2955256,
      "success": true,
      "context": {
        "function_name": "build_embeddings",
        "module": "core.embedder",
        "args_count": 1,
        "kwargs_count": 0,
        "memory_delta_mb": 0.359375,
        "cpu_user_delta": 0.015625,
        "cpu_system_delta": 0.0
      }
    }
  ],
  "retrieve": [
    {
      "duration_ms": 69.75930000771768,
      "timestamp": 1760383974.271182,
      "success": true,
      "context": {
        "function_name": "retrieve",
        "module": "core.retriever",
        "args_count": 2,
        "kwargs_count": 1,
        "memory_delta_mb": 0.05859375,
        "cpu_user_delta": 0.0,
        "cpu_system_delta": 0.0
      }
    },
    {
      "duration_ms": 0.20730000687763095,
      "timestamp": 1760383974.272313,
      "success": true,
      "context": {
        "function_name": "retrieve",
        "module": "core.retriever",
        "args_count": 2,
        "kwargs_count": 1,
        "memory_delta_mb": 0.0,
        "cpu_user_delta": 0.0,
        "cpu_system_delta": 0.0
      }
    },
    {
      "duration_ms": 37.41630000877194,
      "timestamp": 1760383974.3854687,
      "success": true,
      "context": {
        "function_name": "retrieve",
        "module": "core.retriever",
        "args_count": 2,
        "kwargs_count": 1,
        "memory_delta_mb": 0.0,
        "cpu_user_delta": 0.0,
        "cpu_system_delta": 0.0
      }
    },
    {
      "duration_ms": 4.207899997709319,
      "timestamp": 1760383974.3897638,
      "success": true,
      "context": {
        "function_name": "retrieve",
        "module": "core.retriever",
        "args_count": 2,
        "kwargs_count": 1,
        "memory_delta_mb": 0.0,
        "cpu_user_delta": 0.0,
        "cpu_system_delta": 0.015625
      }
    },
    {
      "duration_ms": 3.625200013630092,
      "timestamp": 1760390571.12733,
      "success": true,
      "context": {
        "function_name": "retrieve",
        "module": "core.retriever",
        "args_count": 3,
        "kwargs_count": 0,
        "memory_delta_mb": 0.35546875,
        "cpu_user_delta": 0.0,
        "cpu_system_delta": 0.0
      }
    },
    {
      "duration_ms": 2.962200000183657,
      "timestamp": 1760391089.0034053,
      "success": true,
      "context": {
        "function_name": "retrieve",
        "module": "core.retriever",
        "args_count": 3,
        "kwargs_count": 0,
        "memory_delta_mb": 0.20703125,
        "cpu_user_delta": 0.0,
        "cpu_system_delta": 0.0
      }
    },
    {
      "duration_ms": 8.102500025415793,
      "timestamp": 1760391100.54829,
      "success": true,
      "context": {
        "function_name": "retrieve",
        "module": "core.retriever",
        "args_count": 3,
        "kwargs_count": 0,
        "memory_delta_mb": 0.00390625,
        "cpu_user_delta": 0.015625,
        "cpu_system_delta": 0.0
      }
    },
    {
      "duration_ms": 4.72339999396354,
      "timestamp": 1760391112.804501,
      "success": true,
      "context": {
        "function_name": "retrieve",
        "module": "core.retriever",
        "args_count": 3,
        "kwargs_count": 0,
        "memory_delta_mb": 0.0078125,
        "cpu_user_delta": 0.0,
        "cpu_system_delta": 0.0
      }
    },
    {
      "duration_ms": 2.4188999959733337,
      "timestamp": 1760391125.5302548,
      "success": true,
      "context": {
        "function_name": "retrieve",
        "module": "core.retriever",
        "args_count": 3,
        "kwargs_count": 0,
        "memory_delta_mb": 0.0,
        "cpu_user_delta": 0.0,
        "cpu_system_delta": 0.0
      }
    },
    {
      "duration_ms": 3.043700009584427,
      "timestamp": 1760391353.8996558,
      "success": true,
      "context": {
        "function_name": "retrieve",
        "module": "core.retriever",
        "args_count": 3,
        "kwargs_count": 0,
        "memory_delta_mb": 0.33203125,
        "cpu_user_delta": 0.0,
        "cpu_system_delta": 0.0
      }
    },
    {
      "duration_ms": 8.057499973801896,
      "timestamp": 1760392350.504733,
      "success": true,
      "context": {
        "function_name": "retrieve",
        "module": "core.retriever",
        "args_count": 3,
        "kwargs_count": 0,
        "memory_delta_mb": 0.328125,
        "cpu_user_delta": 0.0,
        "cpu_system_delta": 0.0
      }
    },
    {
      "duration_ms": 3.215700009604916,
      "timestamp": 1760392423.3944204,
      "success": true,
      "context": {
        "function_name": "retrieve",
        "module": "core.retriever",
        "args_count": 3,
        "kwargs_count": 0,
        "memory_delta_mb": 0.3359375,
        "cpu_user_delta": 0.0,
        "cpu_system_delta": 0.0
      }
    },
    {
      "duration_ms": 16.22789999237284,
      "timestamp": 1760393840.6349242,
      "success": true,
      "context": {
        "function_name": "retrieve",
        "module": "core.retriever",
        "args_count": 3,
        "kwargs_count": 0,
        "memory_delta_mb": 0.35546875,
        "cpu_user_delta": 0.0,
        "cpu_system_delta": 0.0
      }
    }
  ],
  "fetch_and_save": [
    {
      "duration_ms": 1022.820700018201,
      "timestamp": 1760383986.9952686,
      "success": true,
      "context": {
        "function_name": "fetch_and_save",
        "module": "core.scraper",
        "args_count": 2,
        "kwargs_count": 0,
        "memory_delta_mb": 0.22265625,
        "cpu_user_delta": 0.015625,
        "cpu_system_delta": 0.0
      }
    },
    {
      "duration_ms": 2848.775700025726,
      "timestamp": 1760383989.8571155,
      "success": false,
      "context": {
        "function_name": "fetch_and_save",
        "module": "core.scraper",
        "args_count": 2,
        "kwargs_count": 0,
        "memory_delta_mb": 0.15234375,
        "cpu_user_delta": 0.15625,
        "cpu_system_delta": 0.1875,
        "error_type": "ValueError",
        "error_message": "Failed to fetch https://example.com/disallowed: 404 Client Error: Not Found for url: https://example.com/disallowed"
      }
    },
    {
      "duration_ms": 21469.04229998472,
      "timestamp": 1760384016.273418,
      "success": true,
      "context": {
        "function_name": "fetch_and_save",
        "module": "core.scraper",
        "args_count": 2,
        "kwargs_count": 0,
        "memory_delta_mb": 6.05859375,
        "cpu_user_delta": 0.09375,
        "cpu_system_delta": 0.296875
      }
    },
    {
      "duration_ms": 1018.4528999961913,
      "timestamp": 1760384019.0103726,
      "success": false,
      "context": {
        "function_name": "fetch_and_save",
        "module": "core.scraper",
        "args_count": 2,
        "kwargs_count": 0,
        "memory_delta_mb": 4.2265625,
        "cpu_user_delta": 0.015625,
        "cpu_system_delta": 0.0,
        "error_type": "ValueError",
        "error_message": "Failed to fetch None: Invalid URL 'None': No scheme supplied. Perhaps you meant https://None?"
      }
    }
  ],
  "ollama_generate": [
    {
      "duration_ms": 226287.65680000652,
      "timestamp": 1760390799.4571621,
      "success": true,
      "context": {
        "function_name": "call_ollama_generate",
        "module": "core.llm_client",
        "args_count": 2,
        "kwargs_count": 0,
        "memory_delta_mb": 1.234375,
        "cpu_user_delta": 0.0625,
        "cpu_system_delta": 0.046875
      }
    },
    {
      "duration_ms": 7943.923999991966,
      "timestamp": 1760391099.0323274,
      "success": true,
      "context": {
        "function_name": "call_ollama_generate",
        "module": "core.llm_client",
        "args_count": 2,
        "kwargs_count": 0,
        "memory_delta_mb": 0.1875,
        "cpu_user_delta": 0.046875,
        "cpu_system_delta": 0.0
      }
    },
    {
      "duration_ms": 8681.44470002153,
      "timestamp": 1760391111.2863116,
      "success": true,
      "context": {
        "function_name": "call_ollama_generate",
        "module": "core.llm_client",
        "args_count": 2,
        "kwargs_count": 0,
        "memory_delta_mb": 0.1171875,
        "cpu_user_delta": 0.078125,
        "cpu_system_delta": 0.03125
      }
    },
    {
      "duration_ms": 9153.888999979245,
      "timestamp": 1760391124.021117,
      "success": true,
      "context": {
        "function_name": "call_ollama_generate",
        "module": "core.llm_client",
        "args_count": 2,
        "kwargs_count": 0,
        "memory_delta_mb": 0.00390625,
        "cpu_user_delta": 0.078125,
        "cpu_system_delta": 0.046875
      }
    },
    {
      "duration_ms": 9758.4099000087,
      "timestamp": 1760391137.3332062,
      "success": true,
      "context": {
        "function_name": "call_ollama_generate",
        "module": "core.llm_client",
        "args_count": 2,
        "kwargs_count": 0,
        "memory_delta_mb": 0.05859375,
        "cpu_user_delta": 0.0625,
        "cpu_system_delta": 0.0625
      }
    },
    {
      "duration_ms": 10291.308899992146,
      "timestamp": 1760391366.2623434,
      "success": true,
      "context": {
        "function_name": "call_ollama_generate",
        "module": "core.llm_client",
        "args_count": 2,
        "kwargs_count": 0,
        "memory_delta_mb": 0.18359375,
        "cpu_user_delta": 0.015625,
        "cpu_system_delta": 0.015625
      }
    },
    {
      "duration_ms": 14059.221700008493,
      "timestamp": 1760392366.61582,
      "success": true,
      "context": {
        "function_name": "call_ollama_generate",
        "module": "core.llm_client",
        "args_count": 2,
        "kwargs_count": 0,
        "memory_delta_mb": -0.36328125,
        "cpu_user_delta": 0.03125,
        "cpu_system_delta": 0.0
      }
    },
    {
      "duration_ms": 6595.670800015796,
      "timestamp": 1760392432.0499327,
      "success": true,
      "context": {
        "function_name": "call_ollama_generate",
        "module": "core.llm_client",
        "args_count": 2,
        "kwargs_count": 0,
        "memory_delta_mb": 0.171875,
        "cpu_user_delta": 0.015625,
        "cpu_system_delta": 0.0
      }
    },
    {
      "duration_ms": 12457.765400002245,
      "timestamp": 1760393707.6226077,
      "success": true,
      "context": {
        "function_name": "call_ollama_generate",
        "module": "core.llm_client",
        "args_count": 2,
        "kwargs_count": 1,
        "memory_delta_mb": -0.38671875,
        "cpu_user_delta": 0.0,
        "cpu_system_delta": 0.0
      }
    },
    {
      "duration_ms": 21126.778400008334,
      "timestamp": 1760393863.8215618,
      "success": true,
      "context": {
        "function_name": "call_ollama_generate",
        "module": "core.llm_client",
        "args_count": 2,
        "kwargs_count": 0,
        "memory_delta_mb": 0.14453125,
        "cpu_user_delta": 0.015625,
        "cpu_system_delta": 0.015625
      }
    }
  ],
  "answer_query": [
    {
      "duration_ms": 228329.66329998453,
      "timestamp": 1760390799.4572132,
      "success": true,
      "context": {
        "function_name": "answer_query",
        "module": "core.llm_client",
        "args_count": 3,
        "kwargs_count": 0,
        "memory_delta_mb": 3.984375,
        "cpu_user_delta": 0.078125,
        "cpu_system_delta": 0.046875
      }
    },
    {
      "duration_ms": 10028.539599996293,
      "timestamp": 1760391099.0323708,
      "success": true,
      "context": {
        "function_name": "answer_query",
        "module": "core.llm_client",
        "args_count": 3,
        "kwargs_count": 0,
        "memory_delta_mb": 0.7265625,
        "cpu_user_delta": 0.0625,
        "cpu_system_delta": 0.0
      }
    },
    {
      "duration_ms": 10740.355399990221,
      "timestamp": 1760391111.2888665,
      "success": true,
      "context": {
        "function_name": "answer_query",
        "module": "core.llm_client",
        "args_count": 3,
        "kwargs_count": 0,
        "memory_delta_mb": 0.15234375,
        "cpu_user_delta": 0.078125,
        "cpu_system_delta": 0.046875
      }
    },
    {
      "duration_ms": 11216.61010000389,
      "timestamp": 1760391124.0211875,
      "success": true,
      "context": {
        "function_name": "answer_query",
        "module": "core.llm_client",
        "args_count": 3,
        "kwargs_count": 0,
        "memory_delta_mb": 0.00390625,
        "cpu_user_delta": 0.078125,
        "cpu_system_delta": 0.0625
      }
    },
    {
      "duration_ms": 11801.619100006064,
      "timestamp": 1760391137.3333213,
      "success": true,
      "context": {
        "function_name": "answer_query",
        "module": "core.llm_client",
        "args_count": 3,
        "kwargs_count": 0,
        "memory_delta_mb": 0.05859375,
        "cpu_user_delta": 0.140625,
        "cpu_system_delta": 0.125
      }
    },
    {
      "duration_ms": 12362.312700017355,
      "timestamp": 1760391366.2623987,
      "success": true,
      "context": {
        "function_name": "answer_query",
        "module": "core.llm_client",
        "args_count": 3,
        "kwargs_count": 0,
        "memory_delta_mb": 2.4765625,
        "cpu_user_delta": 0.03125,
        "cpu_system_delta": 0.015625
      }
    },
    {
      "duration_ms": 16110.898199985968,
      "timestamp": 1760392366.615852,
      "success": true,
      "context": {
        "function_name": "answer_query",
        "module": "core.llm_client",
        "args_count": 3,
        "kwargs_count": 0,
        "memory_delta_mb": 3.11328125,
        "cpu_user_delta": 0.0625,
        "cpu_system_delta": 0.0
      }
    },
    {
      "duration_ms": 8655.3442000004,
      "timestamp": 1760392432.0499606,
      "success": true,
      "context": {
        "function_name": "answer_query",
        "module": "core.llm_client",
        "args_count": 3,
        "kwargs_count": 0,
        "memory_delta_mb": 2.42578125,
        "cpu_user_delta": 0.03125,
        "cpu_system_delta": 0.0
      }
    },
    {
      "duration_ms": 23186.28809999791,
      "timestamp": 1760393863.8215926,
      "success": true,
      "context": {
        "function_name": "answer_query",
        "module": "core.llm_client",
        "args_count": 3,
        "kwargs_count": 0,
        "memory_delta_mb": 3.0703125,
        "cpu_user_delta": 0.03125,
        "cpu_system_delta": 0.03125
      }
    }
  ]
}