{
  "entries": [
    {
      "timestamp": "2025-10-12T15:55:11.229640",
      "command": "agent",
      "args": [
        "task=list available frameworks"
      ],
      "success": false,
      "duration_ms": 4788,
      "error": "'CodeInsightAgent' object has no attribute 'execute_step'",
      "metadata": null
    },
    {
      "timestamp": "2025-10-12T16:04:38.246415",
      "command": "agent",
      "args": [
        "task=list available frameworks"
      ],
      "success": true,
      "duration_ms": 2060,
      "error": null,
      "metadata": null
    },
    {
      "timestamp": "2025-10-12T16:11:09.417952",
      "command": "query",
      "args": [
        "query=test query",
        "react",
        "top_k=5"
      ],
      "success": true,
      "duration_ms": 4151,
      "error": null,
      "metadata": null
    },
    {
      "timestamp": "2025-10-12T16:11:10.771816",
      "command": "update",
      "args": [
        "test-framework"
      ],
      "success": true,
      "duration_ms": 5,
      "error": null,
      "metadata": null
    },
    {
      "timestamp": "2025-10-12T16:11:18.255558",
      "command": "update",
      "args": [
        "httpbin"
      ],
      "success": false,
      "duration_ms": 6005,
      "error": "'charmap' codec can't encode character '\\u283c' in position 0: character maps to <undefined>",
      "metadata": null
    },
    {
      "timestamp": "2025-10-12T22:46:47.637849",
      "command": "info",
      "args": [],
      "success": true,
      "duration_ms": 4,
      "error": null,
      "metadata": null
    },
    {
      "timestamp": "2025-10-12T22:47:01.267199",
      "command": "info",
      "args": [
        "verbose=True"
      ],
      "success": true,
      "duration_ms": 13,
      "error": null,
      "metadata": null
    },
    {
      "timestamp": "2025-10-12T22:47:10.772655",
      "command": "add_framework",
      "args": [
        "tailwind",
        "https://tailwindcss.com/docs",
        "description=Tailwind CSS - A utility-first CSS framework"
      ],
      "success": true,
      "duration_ms": 19,
      "error": null,
      "metadata": null
    },
    {
      "timestamp": "2025-10-12T22:47:18.592282",
      "command": "validate",
      "args": [],
      "success": true,
      "duration_ms": 15,
      "error": null,
      "metadata": null
    },
    {
      "timestamp": "2025-10-12T23:09:51.504753",
      "command": "show",
      "args": [],
      "success": true,
      "duration_ms": 2,
      "error": null,
      "metadata": null
    },
    {
      "timestamp": "2025-10-12T23:10:58.788955",
      "command": "show",
      "args": [],
      "success": true,
      "duration_ms": 4,
      "error": null,
      "metadata": null
    },
    {
      "timestamp": "2025-10-12T23:22:47.268605",
      "command": "show",
      "args": [
        "tail=5"
      ],
      "success": true,
      "duration_ms": 22,
      "error": null,
      "metadata": null
    },
    {
      "timestamp": "2025-10-12T23:28:43.935088",
      "command": "view",
      "args": [],
      "success": true,
      "duration_ms": 3,
      "error": null,
      "metadata": null
    },
    {
      "timestamp": "2025-10-12T23:28:54.669251",
      "command": "stats",
      "args": [
        "structured=True"
      ],
      "success": true,
      "duration_ms": 24,
      "error": null,
      "metadata": null
    },
    {
      "timestamp": "2025-10-12T23:29:02.324902",
      "command": "info",
      "args": [],
      "success": true,
      "duration_ms": 2,
      "error": null,
      "metadata": null
    },
    {
      "timestamp": "2025-10-12T23:29:10.813620",
      "command": "view",
      "args": [
        "tail=5"
      ],
      "success": true,
      "duration_ms": 21,
      "error": null,
      "metadata": null
    },
    {
      "timestamp": "2025-10-13T01:52:24.204228",
      "command": "system_metrics",
      "args": [
        "minutes=5"
      ],
      "success": true,
      "duration_ms": 134,
      "error": null,
      "metadata": null
    },
    {
      "timestamp": "2025-10-13T01:52:30.588907",
      "command": "test",
      "args": [
        "example_op",
        "duration=0.5"
      ],
      "success": true,
      "duration_ms": 511,
      "error": null,
      "metadata": null
    },
    {
      "timestamp": "2025-10-13T01:52:41.094775",
      "command": "stats",
      "args": [
        "top=10"
      ],
      "success": true,
      "duration_ms": 3,
      "error": null,
      "metadata": null
    },
    {
      "timestamp": "2025-10-13T01:53:03.049281",
      "command": "test",
      "args": [
        "test_op1",
        "duration=0.1"
      ],
      "success": true,
      "duration_ms": 116,
      "error": null,
      "metadata": null
    },
    {
      "timestamp": "2025-10-13T01:53:04.743999",
      "command": "test",
      "args": [
        "test_op2",
        "duration=0.2"
      ],
      "success": true,
      "duration_ms": 205,
      "error": null,
      "metadata": null
    },
    {
      "timestamp": "2025-10-13T01:53:06.242930",
      "command": "stats",
      "args": [
        "top=10"
      ],
      "success": true,
      "duration_ms": 3,
      "error": null,
      "metadata": null
    },
    {
      "timestamp": "2025-10-13T01:55:33.330607",
      "command": "test",
      "args": [
        "test_op1",
        "duration=0.1"
      ],
      "success": true,
      "duration_ms": 124,
      "error": null,
      "metadata": null
    },
    {
      "timestamp": "2025-10-13T01:55:41.836799",
      "command": "test",
      "args": [
        "test_op2",
        "duration=0.2"
      ],
      "success": true,
      "duration_ms": 206,
      "error": null,
      "metadata": null
    },
    {
      "timestamp": "2025-10-13T01:55:49.091067",
      "command": "stats",
      "args": [
        "top=10"
      ],
      "success": true,
      "duration_ms": 5,
      "error": null,
      "metadata": null
    },
    {
      "timestamp": "2025-10-13T01:59:51.722668",
      "command": "test",
      "args": [
        "cli_test_1",
        "duration=0.1"
      ],
      "success": true,
      "duration_ms": 119,
      "error": null,
      "metadata": null
    },
    {
      "timestamp": "2025-10-13T02:00:13.065983",
      "command": "test",
      "args": [
        "cli_test_2",
        "duration=0.3"
      ],
      "success": true,
      "duration_ms": 306,
      "error": null,
      "metadata": null
    },
    {
      "timestamp": "2025-10-13T02:00:35.505336",
      "command": "stats",
      "args": [
        "top=10"
      ],
      "success": true,
      "duration_ms": 3,
      "error": null,
      "metadata": null
    },
    {
      "timestamp": "2025-10-13T02:00:47.813246",
      "command": "test",
      "args": [
        "slow_op",
        "duration=0.8"
      ],
      "success": true,
      "duration_ms": 805,
      "error": null,
      "metadata": null
    },
    {
      "timestamp": "2025-10-13T02:00:59.159344",
      "command": "stats",
      "args": [
        "top=10",
        "detailed=True"
      ],
      "success": true,
      "duration_ms": 9,
      "error": null,
      "metadata": null
    },
    {
      "timestamp": "2025-10-13T02:01:29.238223",
      "command": "test",
      "args": [
        "new_test_1",
        "duration=0.15"
      ],
      "success": true,
      "duration_ms": 156,
      "error": null,
      "metadata": null
    },
    {
      "timestamp": "2025-10-13T02:01:41.830556",
      "command": "test",
      "args": [
        "new_test_2",
        "duration=0.25"
      ],
      "success": true,
      "duration_ms": 257,
      "error": null,
      "metadata": null
    },
    {
      "timestamp": "2025-10-13T02:02:07.498704",
      "command": "stats",
      "args": [
        "top=10"
      ],
      "success": true,
      "duration_ms": 4,
      "error": null,
      "metadata": null
    },
    {
      "timestamp": "2025-10-13T02:03:48.173431",
      "command": "test",
      "args": [
        "debug_op",
        "duration=0.1"
      ],
      "success": true,
      "duration_ms": 129,
      "error": null,
      "metadata": null
    },
    {
      "timestamp": "2025-10-13T02:04:42.430632",
      "command": "test",
      "args": [
        "atexit_test_1",
        "duration=0.12"
      ],
      "success": true,
      "duration_ms": 126,
      "error": null,
      "metadata": null
    },
    {
      "timestamp": "2025-10-13T02:04:53.059211",
      "command": "test",
      "args": [
        "atexit_test_2",
        "duration=0.22"
      ],
      "success": true,
      "duration_ms": 226,
      "error": null,
      "metadata": null
    },
    {
      "timestamp": "2025-10-13T02:05:14.377515",
      "command": "stats",
      "args": [
        "top=10"
      ],
      "success": true,
      "duration_ms": 9,
      "error": null,
      "metadata": null
    },
    {
      "timestamp": "2025-10-13T02:05:32.964973",
      "command": "stats",
      "args": [
        "top=10"
      ],
      "success": true,
      "duration_ms": 4,
      "error": null,
      "metadata": null
    },
    {
      "timestamp": "2025-10-13T02:06:07.150305",
      "command": "analyze",
      "args": [],
      "success": true,
      "duration_ms": 4,
      "error": null,
      "metadata": null
    },
    {
      "timestamp": "2025-10-13T02:06:22.296170",
      "command": "system_metrics",
      "args": [
        "minutes=5"
      ],
      "success": true,
      "duration_ms": 138,
      "error": null,
      "metadata": null
    },
    {
      "timestamp": "2025-10-13T02:06:55.063200",
      "command": "test",
      "args": [
        "slow_operation",
        "duration=1.5"
      ],
      "success": true,
      "duration_ms": 1507,
      "error": null,
      "metadata": null
    },
    {
      "timestamp": "2025-10-13T02:07:26.856389",
      "command": "test",
      "args": [
        "very_slow_operation",
        "duration=3.0"
      ],
      "success": true,
      "duration_ms": 3005,
      "error": null,
      "metadata": null
    },
    {
      "timestamp": "2025-10-13T02:07:34.102499",
      "command": "analyze",
      "args": [],
      "success": true,
      "duration_ms": 6,
      "error": null,
      "metadata": null
    },
    {
      "timestamp": "2025-10-13T02:07:52.839348",
      "command": "stats",
      "args": [
        "top=10",
        "detailed=True"
      ],
      "success": true,
      "duration_ms": 19,
      "error": null,
      "metadata": null
    },
    {
      "timestamp": "2025-10-13T02:08:24.699557",
      "command": "stats",
      "args": [
        "top=10",
        "performance_report.json"
      ],
      "success": true,
      "duration_ms": 12,
      "error": null,
      "metadata": null
    },
    {
      "timestamp": "2025-10-13T02:08:40.508175",
      "command": "cleanup",
      "args": [
        "confirm=True"
      ],
      "success": true,
      "duration_ms": 4,
      "error": null,
      "metadata": null
    },
    {
      "timestamp": "2025-10-13T02:09:32.984231",
      "command": "cleanup",
      "args": [
        "hours=24",
        "confirm=True"
      ],
      "success": true,
      "duration_ms": 7,
      "error": null,
      "metadata": null
    },
    {
      "timestamp": "2025-10-13T02:13:55.978593",
      "command": "update",
      "args": [
        "react"
      ],
      "success": true,
      "duration_ms": 2004,
      "error": null,
      "metadata": null
    },
    {
      "timestamp": "2025-10-13T02:14:07.079739",
      "command": "stats",
      "args": [
        "top=10"
      ],
      "success": true,
      "duration_ms": 3,
      "error": null,
      "metadata": null
    },
    {
      "timestamp": "2025-10-13T02:15:04.767532",
      "command": "query",
      "args": [
        "query=How do I create a component?",
        "react",
        "top_k=5"
      ],
      "success": true,
      "duration_ms": 4217,
      "error": null,
      "metadata": null
    },
    {
      "timestamp": "2025-10-13T02:15:27.363482",
      "command": "stats",
      "args": [
        "top=10"
      ],
      "success": true,
      "duration_ms": 4,
      "error": null,
      "metadata": null
    },
    {
      "timestamp": "2025-10-13T02:21:58.545949",
      "command": "stats",
      "args": [
        "top=10",
        "detailed=True",
        "final_performance_summary.json"
      ],
      "success": true,
      "duration_ms": 16,
      "error": null,
      "metadata": null
    },
    {
      "timestamp": "2025-10-13T02:26:10.223126",
      "command": "stats",
      "args": [
        "top=10"
      ],
      "success": true,
      "duration_ms": 5,
      "error": null,
      "metadata": null
    },
    {
      "timestamp": "2025-10-13T02:29:41.171659",
      "command": "info",
      "args": [],
      "success": true,
      "duration_ms": 2,
      "error": null,
      "metadata": null
    },
    {
      "timestamp": "2025-10-13T02:31:17.617839",
      "command": "cache",
      "args": [
        "show_stats=True"
      ],
      "success": true,
      "duration_ms": 7,
      "error": null,
      "metadata": null
    },
    {
      "timestamp": "2025-10-13T02:31:47.019767",
      "command": "view",
      "args": [
        "tail=5"
      ],
      "success": true,
      "duration_ms": 25,
      "error": null,
      "metadata": null
    },
    {
      "timestamp": "2025-10-13T02:36:25.209362",
      "command": "agent",
      "args": [
        "task=Show me information about React components"
      ],
      "success": true,
      "duration_ms": 8536,
      "error": null,
      "metadata": null
    },
    {
      "timestamp": "2025-10-13T02:36:36.934803",
      "command": "stats",
      "args": [
        "top=10"
      ],
      "success": true,
      "duration_ms": 5,
      "error": null,
      "metadata": null
    },
    {
      "timestamp": "2025-10-13T03:40:50.195085",
      "command": "query",
      "args": [
        "query=test query",
        "react",
        "top_k=5"
      ],
      "success": true,
      "duration_ms": 4089,
      "error": null,
      "metadata": null
    },
    {
      "timestamp": "2025-10-13T03:41:36.388460",
      "command": "query",
      "args": [
        "query=how to use hooks",
        "react",
        "top_k=5"
      ],
      "success": true,
      "duration_ms": 4098,
      "error": null,
      "metadata": null
    },
    {
      "timestamp": "2025-10-13T03:47:13.122329",
      "command": "query",
      "args": [
        "query=how to use hooks",
        "react",
        "top_k=5"
      ],
      "success": true,
      "duration_ms": 4099,
      "error": null,
      "metadata": null
    },
    {
      "timestamp": "2025-10-13T03:47:17.284868",
      "command": "query",
      "args": [
        "query=how to use hooks",
        "react",
        "top_k=5"
      ],
      "success": true,
      "duration_ms": 4159,
      "error": null,
      "metadata": null
    },
    {
      "timestamp": "2025-10-13T03:57:18.112006",
      "command": "status",
      "args": [],
      "success": true,
      "duration_ms": 4108,
      "error": null,
      "metadata": null
    },
    {
      "timestamp": "2025-10-13T03:57:22.237907",
      "command": "status",
      "args": [],
      "success": true,
      "duration_ms": 4123,
      "error": null,
      "metadata": null
    },
    {
      "timestamp": "2025-10-13T23:30:26.694491",
      "command": "agent",
      "args": [
        "task=Explore React server componets"
      ],
      "success": true,
      "duration_ms": 12037,
      "error": null,
      "metadata": null
    },
    {
      "timestamp": "2025-10-13T23:31:31.221628",
      "command": "query",
      "args": [
        "query=test query",
        "react",
        "top_k=5"
      ],
      "success": true,
      "duration_ms": 4101,
      "error": null,
      "metadata": null
    },
    {
      "timestamp": "2025-10-13T23:31:33.105375",
      "command": "update",
      "args": [
        "test-framework"
      ],
      "success": true,
      "duration_ms": 15,
      "error": null,
      "metadata": null
    },
    {
      "timestamp": "2025-10-13T23:31:36.111161",
      "command": "update",
      "args": [
        "httpbin"
      ],
      "success": false,
      "duration_ms": 1149,
      "error": "Failed to cli_command",
      "metadata": null
    },
    {
      "timestamp": "2025-10-13T23:31:45.447909",
      "command": "update",
      "args": [],
      "success": true,
      "duration_ms": 6,
      "error": null,
      "metadata": null
    },
    {
      "timestamp": "2025-10-13T23:31:47.165110",
      "command": "update",
      "args": [
        "httpbin"
      ],
      "success": true,
      "duration_ms": 4,
      "error": null,
      "metadata": null
    },
    {
      "timestamp": "2025-10-13T23:31:57.113085",
      "command": "update",
      "args": [
        "httpbin"
      ],
      "success": false,
      "duration_ms": 8084,
      "error": "Failed to cli_command",
      "metadata": null
    },
    {
      "timestamp": "2025-10-13T23:31:59.952051",
      "command": "update",
      "args": [
        "nonexistent-framework"
      ],
      "success": false,
      "duration_ms": 1039,
      "error": "Failed to cli_command",
      "metadata": null
    },
    {
      "timestamp": "2025-10-14T00:01:43.956240",
      "command": "info",
      "args": [],
      "success": true,
      "duration_ms": 2,
      "error": null,
      "metadata": null
    },
    {
      "timestamp": "2025-10-14T00:02:03.132739",
      "command": "update",
      "args": [],
      "success": true,
      "duration_ms": 4,
      "error": null,
      "metadata": null
    },
    {
      "timestamp": "2025-10-14T00:03:53.697877",
      "command": "update",
      "args": [
        "vue"
      ],
      "success": true,
      "duration_ms": 4,
      "error": null,
      "metadata": null
    },
    {
      "timestamp": "2025-10-14T00:04:14.104319",
      "command": "query",
      "args": [
        "query=How do I create a Vue component?",
        "vue",
        "top_k=5"
      ],
      "success": true,
      "duration_ms": 4192,
      "error": null,
      "metadata": null
    },
    {
      "timestamp": "2025-10-14T00:07:43.628387",
      "command": "query",
      "args": [
        "query=test query",
        "react",
        "top_k=5"
      ],
      "success": true,
      "duration_ms": 4128,
      "error": null,
      "metadata": null
    },
    {
      "timestamp": "2025-10-14T00:07:45.344874",
      "command": "update",
      "args": [
        "test-framework"
      ],
      "success": true,
      "duration_ms": 6,
      "error": null,
      "metadata": null
    },
    {
      "timestamp": "2025-10-14T00:07:53.844297",
      "command": "update",
      "args": [
        "httpbin"
      ],
      "success": false,
      "duration_ms": 6777,
      "error": "Failed to cli command",
      "metadata": null
    },
    {
      "timestamp": "2025-10-14T00:08:12.480834",
      "command": "update",
      "args": [],
      "success": true,
      "duration_ms": 6,
      "error": null,
      "metadata": null
    },
    {
      "timestamp": "2025-10-14T00:08:14.373982",
      "command": "update",
      "args": [
        "httpbin"
      ],
      "success": true,
      "duration_ms": 5,
      "error": null,
      "metadata": null
    },
    {
      "timestamp": "2025-10-14T00:08:19.908971",
      "command": "update",
      "args": [
        "httpbin"
      ],
      "success": false,
      "duration_ms": 3611,
      "error": "Failed to cli command",
      "metadata": null
    },
    {
      "timestamp": "2025-10-14T00:08:22.904407",
      "command": "update",
      "args": [
        "nonexistent-framework"
      ],
      "success": false,
      "duration_ms": 1044,
      "error": "Failed to cli command",
      "metadata": null
    },
    {
      "timestamp": "2025-10-14T00:24:56.819986",
      "command": "query",
      "args": [
        "query=test query",
        "react",
        "top_k=5"
      ],
      "success": true,
      "duration_ms": 4105,
      "error": null,
      "metadata": null
    },
    {
      "timestamp": "2025-10-14T00:24:58.551773",
      "command": "update",
      "args": [
        "test-framework"
      ],
      "success": true,
      "duration_ms": 13,
      "error": null,
      "metadata": null
    },
    {
      "timestamp": "2025-10-14T00:25:47.673621",
      "command": "update",
      "args": [
        "httpbin"
      ],
      "success": false,
      "duration_ms": 47470,
      "error": "Failed to cli command",
      "metadata": null
    },
    {
      "timestamp": "2025-10-14T00:26:25.431729",
      "command": "update",
      "args": [
        "httpbin"
      ],
      "success": false,
      "duration_ms": 25548,
      "error": "Failed to cli command",
      "metadata": null
    },
    {
      "timestamp": "2025-10-14T00:32:02.313137",
      "command": "query",
      "args": [
        "query=test query",
        "react",
        "top_k=5"
      ],
      "success": true,
      "duration_ms": 4111,
      "error": null,
      "metadata": null
    },
    {
      "timestamp": "2025-10-14T00:32:03.835298",
      "command": "update",
      "args": [
        "test-framework"
      ],
      "success": true,
      "duration_ms": 6,
      "error": null,
      "metadata": null
    },
    {
      "timestamp": "2025-10-14T00:32:10.373722",
      "command": "update",
      "args": [
        "httpbin"
      ],
      "success": false,
      "duration_ms": 4727,
      "error": "Failed to cli command",
      "metadata": null
    },
    {
      "timestamp": "2025-10-14T00:34:32.509599",
      "command": "update",
      "args": [
        "httpbin"
      ],
      "success": false,
      "duration_ms": 7188,
      "error": "Failed to cli command",
      "metadata": null
    },
    {
      "timestamp": "2025-10-14T00:42:40.143746",
      "command": "update",
      "args": [
        "httpbin"
      ],
      "success": false,
      "duration_ms": 927,
      "error": "Failed to cli command",
      "metadata": null
    },
    {
      "timestamp": "2025-10-14T00:44:08.956575",
      "command": "query",
      "args": [
        "query=test query",
        "react",
        "top_k=5"
      ],
      "success": true,
      "duration_ms": 4121,
      "error": null,
      "metadata": null
    },
    {
      "timestamp": "2025-10-14T00:44:10.408976",
      "command": "update",
      "args": [
        "test-framework"
      ],
      "success": true,
      "duration_ms": 6,
      "error": null,
      "metadata": null
    },
    {
      "timestamp": "2025-10-14T00:44:47.376348",
      "command": "update",
      "args": [
        "httpbin"
      ],
      "success": false,
      "duration_ms": 35496,
      "error": "Failed to cli command",
      "metadata": null
    },
    {
      "timestamp": "2025-10-14T00:53:54.546168",
      "command": "update",
      "args": [
        "httpbin"
      ],
      "success": false,
      "duration_ms": 33799,
      "error": "Failed to cli command",
      "metadata": null
    },
    {
      "timestamp": "2025-10-14T01:01:10.987367",
      "command": "query",
      "args": [
        "query=test query",
        "react",
        "top_k=5"
      ],
      "success": true,
      "duration_ms": 4218,
      "error": null,
      "metadata": null
    },
    {
      "timestamp": "2025-10-14T01:01:12.380920",
      "command": "update",
      "args": [
        "test-framework"
      ],
      "success": true,
      "duration_ms": 6,
      "error": null,
      "metadata": null
    },
    {
      "timestamp": "2025-10-14T01:01:19.754276",
      "command": "update",
      "args": [
        "httpbin"
      ],
      "success": true,
      "duration_ms": 6026,
      "error": null,
      "metadata": null
    },
    {
      "timestamp": "2025-10-14T01:01:37.395876",
      "command": "query",
      "args": [
        "query=test query",
        "react",
        "top_k=5"
      ],
      "success": true,
      "duration_ms": 4122,
      "error": null,
      "metadata": null
    },
    {
      "timestamp": "2025-10-14T01:01:39.234886",
      "command": "update",
      "args": [
        "test-framework"
      ],
      "success": true,
      "duration_ms": 8,
      "error": null,
      "metadata": null
    },
    {
      "timestamp": "2025-10-14T01:02:51.632088",
      "command": "update",
      "args": [
        "httpbin"
      ],
      "success": true,
      "duration_ms": 70750,
      "error": null,
      "metadata": null
    },
    {
      "timestamp": "2025-10-14T01:03:11.440842",
      "command": "update",
      "args": [],
      "success": true,
      "duration_ms": 5,
      "error": null,
      "metadata": null
    },
    {
      "timestamp": "2025-10-14T01:03:13.075629",
      "command": "update",
      "args": [
        "httpbin"
      ],
      "success": true,
      "duration_ms": 4,
      "error": null,
      "metadata": null
    },
    {
      "timestamp": "2025-10-14T01:03:36.308866",
      "command": "update",
      "args": [
        "httpbin"
      ],
      "success": true,
      "duration_ms": 21511,
      "error": null,
      "metadata": null
    },
    {
      "timestamp": "2025-10-14T01:03:39.021474",
      "command": "update",
      "args": [
        "nonexistent-framework"
      ],
      "success": false,
      "duration_ms": 1039,
      "error": "Failed to cli command",
      "metadata": null
    },
    {
      "timestamp": "2025-10-14T02:56:39.462674",
      "command": "query",
      "args": [
        "query=How do I create a React component?",
        "react",
        "top_k=5"
      ],
      "success": true,
      "duration_ms": 228340,
      "error": null,
      "metadata": null
    },
    {
      "timestamp": "2025-10-14T03:03:24.341430",
      "command": "status",
      "args": [
        "show_details=True"
      ],
      "success": false,
      "duration_ms": 6,
      "error": "Failed to model status",
      "metadata": null
    },
    {
      "timestamp": "2025-10-14T03:03:54.997863",
      "command": "status",
      "args": [
        "show_details=True"
      ],
      "success": true,
      "duration_ms": 4140,
      "error": null,
      "metadata": null
    },
    {
      "timestamp": "2025-10-14T03:06:06.266680",
      "command": "query",
      "args": [
        "query=What is useState hook?",
        "react",
        "top_k=5"
      ],
      "success": true,
      "duration_ms": 12372,
      "error": null,
      "metadata": null
    },
    {
      "timestamp": "2025-10-14T03:19:11.139134",
      "command": "status",
      "args": [
        "show_details=True"
      ],
      "success": true,
      "duration_ms": 4169,
      "error": null,
      "metadata": null
    },
    {
      "timestamp": "2025-10-14T03:19:37.296501",
      "command": "status",
      "args": [
        "show_details=True"
      ],
      "success": true,
      "duration_ms": 4113,
      "error": null,
      "metadata": null
    },
    {
      "timestamp": "2025-10-14T03:22:46.619317",
      "command": "query",
      "args": [
        "query=What is React JSX syntax?",
        "react",
        "top_k=5"
      ],
      "success": true,
      "duration_ms": 16125,
      "error": null,
      "metadata": null
    },
    {
      "timestamp": "2025-10-14T03:23:52.053515",
      "command": "query",
      "args": [
        "query=What is React?",
        "react",
        "top_k=5"
      ],
      "success": true,
      "duration_ms": 8665,
      "error": null,
      "metadata": null
    },
    {
      "timestamp": "2025-10-14T03:45:07.625178",
      "command": "set_default",
      "args": [
        "mistral:7b-instruct",
        "set_default=True"
      ],
      "success": true,
      "duration_ms": 14521,
      "error": null,
      "metadata": null
    },
    {
      "timestamp": "2025-10-14T03:47:12.568487",
      "command": "status",
      "args": [
        "show_details=True"
      ],
      "success": true,
      "duration_ms": 4116,
      "error": null,
      "metadata": null
    },
    {
      "timestamp": "2025-10-14T03:47:43.825263",
      "command": "query",
      "args": [
        "query=What are React components?",
        "react",
        "top_k=5"
      ],
      "success": true,
      "duration_ms": 23209,
      "error": null,
      "metadata": null
    }
  ],
  "last_updated": "2025-10-14T03:47:43.825770"
}