[
  {
    "id": "chunk_0",
    "content": "# Introduction | Vue.js\n\nSource: https://vuejs.org/guide/\nFetched: 2025-10-12 02:33:06\n\n---\n\n# Introduction ​\n\nYou are reading the documentation for Vue 3!\n\n- Vue 2 support has ended on Dec 31, 2023. Learn more about Vue 2 EOL.\n\n- Upgrading from Vue 2? Check out the Migration Guide.\n\nLearn Vue with video tutorials on VueMastery.com\n\n## What is Vue? ​\n\nVue (pronounced /vjuː/, like view) is a JavaScript framework for building user interfaces. It builds on top of standard HTML, CSS, and JavaScript and provides a declarative, component-based programming model that helps you efficiently develop user interfaces of any complexity.\n\nHere is a minimal example:\n\n```\nimport { createApp } from 'vue'\n\ncreateApp({\n  data() {\n    return {\n      count: 0\n    }\n  }\n}).mount('#app')\n```\n\n```\nimport { createApp } from 'vue'\n\ncreateApp({\n  data() {\n    return {\n      count: 0\n    }\n  }\n}).mount('#app')\n```\n\n```\nimport { createApp, ref } from 'vue'\n\ncreateApp({\n  setup() {\n    return {\n      count: ref(0)\n    }\n  }\n}).mount('#app')\n```\n\n```\nimport { createApp, ref } from 'vue'\n\ncreateApp({\n  setup() {\n    return {\n      count: ref(0)\n    }\n  }\n}).mount('#app')\n```\n\n```\n<div id=\"app\">\n  <button @click=\"count++\">\n    Count is: {{ count }}\n  </button>\n</div>\n```\n\n```\n<div id=\"app\">\n  <button @click=\"count++\">\n    Count is: {{ count }}\n  </button>\n</div>\n```\n\nResult\n\nThe above example demonstrates the two core features of Vue:\n\n- Declarative Rendering: Vue extends standard HTML with a template syntax that allows us to declaratively describe HTML output based on JavaScript state.\n\n- Reactivity: Vue automatically tracks JavaScript state changes and efficiently updates the DOM when changes happen.\n\nDeclarative Rendering: Vue extends standard HTML with a template syntax that allows us to declaratively describe HTML output based on JavaScript state.\n\nReactivity: Vue automatically tracks JavaScript state changes and efficiently updates the DOM when changes happen.\n\nYou may already have questions - don't worry. We will cover every little detail in the rest of the documentation. For now, please read along so you can have a high-level understanding of what Vue offers.\n\nPrerequisites\n\nThe rest of the documentation assumes basic familiarity with HTML, CSS, and JavaScript. If you are totally new to frontend development, it might not be the best idea to jump right into a framework as your first step - grasp the basics and then come back! You can check your knowledge level with these overviews for JavaScript, HTML and CSS if needed. Prior experience with other frameworks helps, but is not required.\n\n## The Progressive Framework ​\n\nVue is a framework and ecosystem that covers most of the common features needed in frontend development. But the web is extremely diverse - the things we build on the web may vary drastically in form and scale. With that in mind, Vue is designed to be flexible and incrementally adoptable. Depending on your use case, Vue can be used in different ways:\n\n- Enhancing static HTML without a build step\n\n- Embedding as Web Components on any page\n\n- Single-Page Application (SPA)\n\n- Fullstack / Server-Side Rendering (SSR)\n\n- Jamstack / Static Site Generation (SSG)\n\n- Targeting desktop, mobile, WebGL, and even the terminal\n\nIf you find these concepts intimidating, don't worry! The tutorial and guide only require basic HTML and JavaScript knowledge, and you should be able to follow along without being an expert in any of these.\n\nIf you are an experienced developer interested in how to best integrate Vue into your stack, or you are curious about what these terms mean, we discuss them in more detail in Ways of Using Vue.\n\nDespite the flexibility, the core knowledge about how Vue works is shared across all these use cases. Even if you are just a beginner now, the knowledge gained along the way will stay useful as you grow to tackle more ambitious goals in the future. If you are a veteran, you can pick the optimal way to leverage Vue based on the problems you are trying to solve, while retaining the same productivity. This is why we call Vue \"The Progressive Framework\": it's a framework that can grow with you and adapt to your needs.\n\n## Single-File Components ​\n\nIn most build-tool-enabled Vue projects, we author Vue components using an HTML-like file format called Single-File Component (also known as *.vue files, abbreviated as SFC). A Vue SFC, as the name suggests, encapsulates the component's logic (JavaScript), template (HTML), and styles (CSS) in a single file. Here's the previous example, written in SFC format:\n\n`*.vue`\n\n```\n<script>\nexport default {\n  data() {\n    return {\n      count: 0\n    }\n  }\n}\n</script>",
    "hash": "6fa91d50",
    "source_file": "data\\docs\\vue.md",
    "chunk_index": 0
  },
  {
    "id": "chunk_1",
    "content": "<template>\n  <button @click=\"count++\">Count is: {{ count }}</button>\n</template>\n\n<style scoped>\nbutton {\n  font-weight: bold;\n}\n</style>\n```\n\n```\n<script>\nexport default {\n  data() {\n    return {\n      count: 0\n    }\n  }\n}\n</script>\n\n<template>\n  <button @click=\"count++\">Count is: {{ count }}</button>\n</template>\n\n<style scoped>\nbutton {\n  font-weight: bold;\n}\n</style>\n```\n\n```\n<script setup>\nimport { ref } from 'vue'\nconst count = ref(0)\n</script>\n\n<template>\n  <button @click=\"count++\">Count is: {{ count }}</button>\n</template>\n\n<style scoped>\nbutton {\n  font-weight: bold;\n}\n</style>\n```\n\n```\n<script setup>\nimport { ref } from 'vue'\nconst count = ref(0)\n</script>\n\n<template>\n  <button @click=\"count++\">Count is: {{ count }}</button>\n</template>\n\n<style scoped>\nbutton {\n  font-weight: bold;\n}\n</style>\n```\n\nSFC is a defining feature of Vue and is the recommended way to author Vue components if your use case warrants a build setup. You can learn more about the how and why of SFC in its dedicated section - but for now, just know that Vue will handle all the build tools setup for you.\n\n## API Styles ​\n\nVue components can be authored in two different API styles: Options API and Composition API.\n\n### Options API ​\n\nWith Options API, we define a component's logic using an object of options such as data, methods, and mounted. Properties defined by options are exposed on this inside functions, which points to the component instance:\n\n`data`\n\n`methods`\n\n`mounted`\n\n`this`\n\n```\n<script>\nexport default {\n  // Properties returned from data() become reactive state\n  // and will be exposed on `this`.\n  data() {\n    return {\n      count: 0\n    }\n  },\n\n// Methods are functions that mutate state and trigger updates.\n  // They can be bound as event handlers in templates.\n  methods: {\n    increment() {\n      this.count++\n    }\n  },\n\n// Lifecycle hooks are called at different stages\n  // of a component's lifecycle.\n  // This function will be called when the component is mounted.\n  mounted() {\n    console.log(`The initial count is ${this.count}.`)\n  }\n}\n</script>\n\n<template>\n  <button @click=\"increment\">Count is: {{ count }}</button>\n</template>\n```\n\n```\n<script>\nexport default {\n  // Properties returned from data() become reactive state\n  // and will be exposed on `this`.\n  data() {\n    return {\n      count: 0\n    }\n  },\n\n// Methods are functions that mutate state and trigger updates.\n  // They can be bound as event handlers in templates.\n  methods: {\n    increment() {\n      this.count++\n    }\n  },\n\n// Lifecycle hooks are called at different stages\n  // of a component's lifecycle.\n  // This function will be called when the component is mounted.\n  mounted() {\n    console.log(`The initial count is ${this.count}.`)\n  }\n}\n</script>\n\n<template>\n  <button @click=\"increment\">Count is: {{ count }}</button>\n</template>\n```\n\nTry it in the Playground\n\n### Composition API ​\n\nWith Composition API, we define a component's logic using imported API functions. In SFCs, Composition API is typically used with <script setup>. The setup attribute is a hint that makes Vue perform compile-time transforms that allow us to use Composition API with less boilerplate. For example, imports and top-level variables / functions declared in <script setup> are directly usable in the template.\n\n`<script setup>`\n\n`setup`\n\n`<script setup>`\n\nHere is the same component, with the exact same template, but using Composition API and <script setup> instead:\n\n`<script setup>`\n\n```\n<script setup>\nimport { ref, onMounted } from 'vue'\n\n// reactive state\nconst count = ref(0)\n\n// functions that mutate state and trigger updates\nfunction increment() {\n  count.value++\n}\n\n// lifecycle hooks\nonMounted(() => {\n  console.log(`The initial count is ${count.value}.`)\n})\n</script>\n\n<template>\n  <button @click=\"increment\">Count is: {{ count }}</button>\n</template>\n```\n\n```\n<script setup>\nimport { ref, onMounted } from 'vue'\n\n// reactive state\nconst count = ref(0)\n\n// functions that mutate state and trigger updates\nfunction increment() {\n  count.value++\n}\n\n// lifecycle hooks\nonMounted(() => {\n  console.log(`The initial count is ${count.value}.`)\n})\n</script>\n\n<template>\n  <button @click=\"increment\">Count is: {{ count }}</button>\n</template>\n```\n\nTry it in the Playground\n\n### Which to Choose? ​\n\nBoth API styles are fully capable of covering common use cases. They are different interfaces powered by the exact same underlying system. In fact, the Options API is implemented on top of the Composition API! The fundamental concepts and knowledge about Vue are shared across the two styles.\n\nThe Options API is centered around the concept of a \"component instance\" (this as seen in the example), which typically aligns better with a class-based mental model for users coming from OOP language backgrounds. It is also more beginner-friendly by abstracting away the reactivity details and enforcing code organization via option groups.\n\n`this`",
    "hash": "6400fbe1",
    "source_file": "data\\docs\\vue.md",
    "chunk_index": 1
  },
  {
    "id": "chunk_2",
    "content": "The Composition API is centered around declaring reactive state variables directly in a function scope and composing state from multiple functions together to handle complexity. It is more free-form and requires an understanding of how reactivity works in Vue to be used effectively. In return, its flexibility enables more powerful patterns for organizing and reusing logic.\n\nYou can learn more about the comparison between the two styles and the potential benefits of Composition API in the Composition API FAQ.\n\nIf you are new to Vue, here's our general recommendation:\n\n- For learning purposes, go with the style that looks easier to understand to you. Again, most of the core concepts are shared between the two styles. You can always pick up the other style later.\n\n- For production use:Go with Options API if you are not using build tools, or plan to use Vue primarily in low-complexity scenarios, e.g. progressive enhancement.Go with Composition API + Single-File Components if you plan to build full applications with Vue.\n\nFor learning purposes, go with the style that looks easier to understand to you. Again, most of the core concepts are shared between the two styles. You can always pick up the other style later.\n\nFor production use:\n\n- Go with Options API if you are not using build tools, or plan to use Vue primarily in low-complexity scenarios, e.g. progressive enhancement.\n\n- Go with Composition API + Single-File Components if you plan to build full applications with Vue.\n\nGo with Options API if you are not using build tools, or plan to use Vue primarily in low-complexity scenarios, e.g. progressive enhancement.\n\nGo with Composition API + Single-File Components if you plan to build full applications with Vue.\n\nYou don't have to commit to only one style during the learning phase. The rest of the documentation will provide code samples in both styles where applicable, and you can toggle between them at any time using the API Preference switches at the top of the left sidebar.\n\n## Still Got Questions? ​\n\nCheck out our FAQ.\n\n## Pick Your Learning Path ​\n\nDifferent developers have different learning styles. Feel free to pick a learning path that suits your preference - although we do recommend going over all of the content, if possible!\n\nTry the Tutorial\n\nFor those who prefer learning things hands-on.\n\nRead the Guide\n\nThe guide walks you through every aspect of the framework in full detail.\n\nCheck out the Examples\n\nExplore examples of core features and common UI tasks.\n\nEdit this page on GitHub",
    "hash": "f898e0a8",
    "source_file": "data\\docs\\vue.md",
    "chunk_index": 2
  }
]