[
  {
    "id": "chunk_0",
    "content": "# React\n\nSource: https://react.dev/\nFetched: 2025-10-13 02:13:55\n\n---\n\n# React\n\nThe library for web and native user interfaces\n\n## Create user interfaces from components\n\nReact lets you build user interfaces out of individual pieces called components. Create your own React components like Thumbnail, LikeButton, and Video. Then combine them into entire screens, pages, and apps.\n\n`Thumbnail`\n\n`LikeButton`\n\n`Video`\n\n### Video.js\n\n`function Video({ video }) {  return (    <div>      <Thumbnail video={video} />      <a href={video.url}>        <h3>{video.title}</h3>        <p>{video.description}</p>      </a>      <LikeButton video={video} />    </div>  );}`\n\n`function Video({ video }) {  return (    <div>      <Thumbnail video={video} />      <a href={video.url}>        <h3>{video.title}</h3>        <p>{video.description}</p>      </a>      <LikeButton video={video} />    </div>  );}`\n\n### My video\n\nVideo description\n\nWhether you work on your own or with thousands of other developers, using React feels the same. It is designed to let you seamlessly combine components written by independent people, teams, and organizations.\n\n## Write components with code and markup\n\nReact components are JavaScript functions. Want to show some content conditionally? Use an if statement. Displaying a list? Try array map(). Learning React is learning programming.\n\n`if`\n\n`map()`\n\n### VideoList.js\n\n`function VideoList({ videos, emptyHeading }) {  const count = videos.length;  let heading = emptyHeading;  if (count > 0) {    const noun = count > 1 ? 'Videos' : 'Video';    heading = count + ' ' + noun;  }  return (    <section>      <h2>{heading}</h2>      {videos.map(video =>        <Video key={video.id} video={video} />      )}    </section>  );}`\n\n`function VideoList({ videos, emptyHeading }) {  const count = videos.length;  let heading = emptyHeading;  if (count > 0) {    const noun = count > 1 ? 'Videos' : 'Video';    heading = count + ' ' + noun;  }  return (    <section>      <h2>{heading}</h2>      {videos.map(video =>        <Video key={video.id} video={video} />      )}    </section>  );}`\n\n## 3 Videos\n\n### First video\n\nVideo description\n\n### Second video\n\nVideo description\n\n### Third video\n\nVideo description\n\nThis markup syntax is called JSX. It is a JavaScript syntax extension popularized by React. Putting JSX markup close to related rendering logic makes React components easy to create, maintain, and delete.\n\n## Add interactivity wherever you need it\n\nReact components receive data and return what should appear on the screen. You can pass them new data in response to an interaction, like when the user types into an input. React will then update the screen to match the new data.\n\n### SearchableVideoList.js\n\n`import { useState } from 'react';function SearchableVideoList({ videos }) {  const [searchText, setSearchText] = useState('');  const foundVideos = filterVideos(videos, searchText);  return (    <>      <SearchInput        value={searchText}        onChange={newText => setSearchText(newText)} />      <VideoList        videos={foundVideos}        emptyHeading={`No matches for “${searchText}”`} />    </>  );}`\n\n`import { useState } from 'react';function SearchableVideoList({ videos }) {  const [searchText, setSearchText] = useState('');  const foundVideos = filterVideos(videos, searchText);  return (    <>      <SearchInput        value={searchText}        onChange={newText => setSearchText(newText)} />      <VideoList        videos={foundVideos}        emptyHeading={`No matches for “${searchText}”`} />    </>  );}`\n\n# React Videos\n\nA brief history of React\n\n## 5 Videos\n\n### React: The Documentary\n\nThe origin story of React\n\n### Rethinking Best Practices\n\nPete Hunt (2013)\n\n### Introducing React Native\n\nTom Occhino (2015)\n\n### Introducing React Hooks\n\nSophie Alpert and Dan Abramov (2018)\n\n### Introducing Server Components\n\nDan Abramov and Lauren Tan (2020)\n\nYou don’t have to build your whole page in React. Add React to your existing HTML page, and render interactive React components anywhere on it.\n\n## Go full-stack with a framework\n\nReact is a library. It lets you put components together, but it doesn’t prescribe how to do routing and data fetching. To build an entire app with React, we recommend a full-stack React framework like Next.js or Remix.\n\n### confs/[slug].js\n\n`import { db } from './database.js';import { Suspense } from 'react';async function ConferencePage({ slug }) {  const conf = await db.Confs.find({ slug });  return (    <ConferenceLayout conf={conf}>      <Suspense fallback={<TalksLoading />}>        <Talks confId={conf.id} />      </Suspense>    </ConferenceLayout>  );}async function Talks({ confId }) {  const talks = await db.Talks.findAll({ confId });  const videos = talks.map(talk => talk.video);  return <SearchableVideoList videos={videos} />;}`\n\n`import { db } from './database.js';import { Suspense } from 'react';async function ConferencePage({ slug }) {  const conf = await db.Confs.find({ slug });  return (    <ConferenceLayout conf={conf}>      <Suspense fallback={<TalksLoading />}>        <Talks confId={conf.id} />      </Suspense>    </ConferenceLayout>  );}async function Talks({ confId }) {  const talks = await db.Talks.findAll({ confId });  const videos = talks.map(talk => talk.video);  return <SearchableVideoList videos={videos} />;}`\n\n## 19 Videos\n\n### React 18 Keynote\n\nThe React Team\n\n### React 18 for App Developers\n\nShruti Kapoor\n\n### Streaming Server Rendering with Suspense\n\nShaundai Person\n\n### The First React Working Group\n\nAakansha Doshi\n\n### React Developer Tooling\n\nBrian Vaughn\n\n### React without memo\n\nXuan Huang (黄玄)\n\n### React Docs Keynote\n\nRachel Nabors",
    "hash": "462d2141",
    "source_file": "data\\docs\\react.md",
    "chunk_index": 0
  },
  {
    "id": "chunk_1",
    "content": "### Things I Learnt from the New React Docs\n\nDebbie O'Brien\n\n### Learning in the Browser\n\nSarah Rainsberger\n\n### The ROI of Designing with React\n\nLinton Ye\n\n### Interactive Playgrounds with React\n\nDelba de Oliveira\n\n### Re-introducing Relay\n\nRobert Balicki\n\n### React Native Desktop\n\nEric Rozell and Steven Moyes\n\n### On-device Machine Learning for React Native\n\nRoman Rädle\n\n### React 18 for External Store Libraries\n\nDaishi Kato\n\n### Building Accessible Components with React 18\n\nDiego Haz\n\n### Accessible Japanese Form Components with React\n\nTafu Nakazaki\n\n### UI Tools for Artists\n\nLyle Troxell\n\n### Hydrogen + React 18\n\nHelen Lin\n\nReact is also an architecture. Frameworks that implement it let you fetch data in asynchronous components that run on the server or even during the build. Read data from a file or a database, and pass it down to your interactive components.\n\n## Use the best from every platform\n\nPeople love web and native apps for different reasons. React lets you build both web apps and native apps using the same skills. It leans upon each platform’s unique strengths to let your interfaces feel just right on every platform.\n\n#### Stay true to the web\n\nPeople expect web app pages to load fast. On the server, React lets you start streaming HTML while you’re still fetching data, progressively filling in the remaining content before any JavaScript code loads. On the client, React can use standard web APIs to keep your UI responsive even in the middle of rendering.\n\n#### Go truly native\n\nPeople expect native apps to look and feel like their platform. React Native and Expo let you build apps in React for Android, iOS, and more. They look and feel native because their UIs are truly native. It’s not a web view—your React components render real Android and iOS views provided by the platform.\n\nWith React, you can be a web and a native developer. Your team can ship to many platforms without sacrificing the user experience. Your organization can bridge the platform silos, and form teams that own entire features end-to-end.\n\n## Upgrade when the future is ready\n\nReact approaches changes with care. Every React commit is tested on business-critical surfaces with over a billion users. Over 100,000 React components at Meta help validate every migration strategy.\n\nThe React team is always researching how to improve React. Some research takes years to pay off. React has a high bar for taking a research idea into production. Only proven approaches become a part of React.\n\nLatest React News\n\n## React Compiler v1.0\n\n## Introducing the React Foundation\n\n## View Transitions and Activity\n\n## Sunsetting Create React App\n\n## Join a community of millions\n\nYou’re not alone. Two million developers from all over the world visit the React docs every month. React is something that people and teams can agree on.\n\nThis is why React is more than a library, an architecture, or even an ecosystem. React is a community. It’s a place where you can ask for help, find opportunities, and meet new friends. You will meet both developers and designers, beginners and experts, researchers and artists, teachers and students. Our backgrounds may be very different, but React lets us all create user interfaces together.\n\n## Welcome to the React community",
    "hash": "1b9cbafb",
    "source_file": "data\\docs\\react.md",
    "chunk_index": 1
  }
]